year,gdp_usd
2010,16693671681957.22
2015,18459285695743.11
2020,22928259259643.39
2025,25387495298299.066
2030,25186922442295.69
2035,31956713436563.168
2040,34292172753033.637
2045,37354661005695.89
2050,36735948683549.89
2055,43909429786669.21
2060,49509329373816.66
2065,66323858368062.555
2070,95530106877767.34
2075,121814547641674
2080,139898236839685.53
2085,148331330755809.97
2090,197510331564958.3
2095,168062542462820.37
2100,174969247958686.06
2105,149194545804575.53
2110,139119694693115.03
2115,151118425578549.72
2120,164486975625070.12
2125,208978835929671.87
2130,211618563213615.22
2135,188288829023084.84
2140,192771629606011.56
2145,209205651614563.62
2150,235030678521738.8
2155,227481060313651.22
2160,310432639465270.1
2165,528566708368586.1
2170,688822818525300.4
2175,687861540510183.9
2180,981740545235011.9
2185,875701315787218.75
2190,762941606412881.1
2195,829582592002991.4
2200,1021927434494242.4
2205,1090504335570242.9
2210,1489129735734992.2
2215,1798932312109502.2
2220,2490678646893832
2225,4418141336828300.5
2230,6383528952608544
2235,8526094453647976
2240,12988338713018470
2245,11867827152833092
2250,14317483482198926
2255,17567440381927398
2260,21203061870608484
2265,23832900120065200
2270,36184616658827224
2275,54309456280018040
2280,71611863963180264
2285,1.0348601781718181e+017
2290,1.1646724558387901e+017
2295,173361963156978080
2300,223363212782965630
