year,gdp_usd
2010,16693671681957.22
2015,18459285695743.11
2020,25444945663708.242
2025,28697444628897.316
2030,31319922212018.492
2035,34928157790806.08
2040,33798706625733.047
2045,36423447109915.59
2050,39244014917411.75
2055,53701917963703.53
2060,67023509091399.23
2065,97207760311136.5
2070,130504661910410.45
2075,146177110458622.6
2080,156778086583527.47
2085,208800311154781.62
2090,267647343416193.25
2095,241927189428525.1
2100,344869230759911.94
2105,422898307910637.06
2110,513726878129995.1
2115,550157368781936.44
2120,551289955656941.44
2125,783935804823155
2130,773328099165786.6
2135,735255507503047
2140,797181008220840.1
2145,842617916249054.75
2150,1120535839497559.2
2155,1172287281683911.7
2160,1268236940976566.7
2165,1486333127499590.7
2170,1856371955491979
2175,2310806984868123
2180,3022840698382899
2185,4073934255505494.5
2190,4137046935598689
2195,4608159970722427
2200,5170543610987e3
2205,6492479794331949
2210,7756447721914313
2215,12496790860824138
2220,17810944442176060
2225,23089184394101472
2230,25777850474141416
2235,31061255699784956
2240,38122621033715130
2245,44527979657247696
2250,48467022774225664
2255,59476239756619130
2260,74769047209950030
2265,102284263331364260
2270,1.3846669603381539e+017
2275,162723563721951970
2280,2.1178324208150758e+017
2285,307158644019246600
2290,391083672108674240
2295,471104037702418700
2300,561712861236259140
