year,gdp_usd
2010,16693671681957.22
2015,18459285695743.11
2020,20934842653435.84
2025,28653566894395.895
2030,36723858735765.68
2035,51408179483779.44
2040,70523123367572.9
2045,90502852839721.2
2050,124948518216493.7
2055,163278661457679.16
2060,178782727619806.97
2065,257240795872341.66
2070,325207575325813.1
2075,269170982704023.25
2080,322236211152699.56
2085,361674885076910.8
2090,459273779129659.06
2095,598259177525506.25
2100,707803205290670.1
2105,716016598017848.4
2110,1072709995425199.1
2115,1674954304433630.7
2120,1558804007886146
2125,2044094130656393.2
2130,2163623830858412.2
2135,2201581749627648.3
2140,4016571704012740.5
2145,5133368868052017
2150,6823512286015371
2155,9982816286154688
2160,14160369060127464
2165,12881969149376618
2170,17924349717168312
2175,21343398853230720
2180,30987102907265336
2185,41570643181004920
2190,50352298978206784
2195,73705891949930620
2200,90820481622278910
2205,134100580221698340
2210,124084708319225100
2215,120562923434816030
2220,1.4063923405362539e+017
2225,213842501538200670
2230,358930825519577300
2235,409193641347410940
2240,426511815581632640
2245,546366354289331840
2250,665551784125905300
2255,914753168607244e3
2260,1429435737999781e3
2265,1277894011686412300
2270,1234584702570299400
2275,1285991430083873300
2280,1133538411238905500
2285,1527539435756487e3
2290,1940027637408342500
2295,2650422767598698500
2300,2.7310306463505597e+018
