year,gdp_usd
2010,16693671681957.22
2015,18459285695743.11
2020,19685240967919.5
2025,19492092910964.844
2030,22078306723402.855
2035,24674848887514.64
2040,33752437319962.867
2045,43043977294981.97
2050,42597471819631.664
2055,52054827134488.125
2060,60946889939441.234
2065,84409671051541.67
2070,141288972402568.3
2075,204375206049069.1
2080,282343947357838.9
2085,325961958278432.9
2090,387504697323808.7
2095,596302486870140.4
2100,837628119082589.9
2105,949104619891420.5
2110,1214189049032615.7
2115,1829766143356500.5
2120,1847652524815990.5
2125,2332207592625601
2130,2399447758788975
2135,3033240107157097.5
2140,3634601510022445
2145,4609875874058257
2150,6003587820817746
2155,8208109072723700
2160,8005871791106528
2165,7197620228776333
2170,9678512112713566
2175,12470089294918110
2180,16703468466008754
2185,18758224597242684
2190,23881978161996040
2195,34045585824378580
2200,44569209543782200
2205,56813241751698224
2210,69823200586761430
2215,88348452107231890
2220,1.0844879994199379e+017
2225,160230239136930880
2230,220045555604310850
2235,331814976282506500
2240,4.1137864677084877e+017
2245,470981007893414600
2250,603362738011945e3
2255,869784852657669200
2260,1113214784249101300
2265,1307545719848157e3
2270,1495122490041307400
2275,2008285633717275100
2280,3143056150398833700
2285,3757473863426849300
2290,5297619085354868e3
2295,8342823903185477e3
2300,10401629181892776e3
