year,gdp_usd
2010,16693671681957.22
2015,18459285695743.11
2020,22672675827707.684
2025,29861095124363.113
2030,40306862442135.734
2035,53236482566226.38
2040,70382227810757.47
2045,84228971026191.98
2050,104656093384875.17
2055,137680429411563.25
2060,141177706487501.28
2065,193200325319541.28
2070,255009711002956.7
2075,346213747354989.6
2080,461957062895590.2
2085,642267355065772.9
2090,798516934466897.4
2095,970492576593493.1
2100,863415166368865.6
2105,1068533085122875
2110,1118231918174228.2
2115,1329103591381321.5
2120,1632165732062351
2125,2082085624550885.5
2130,2362311628821630
2135,2159665325631952.8
2140,2252216177703489.5
2145,2716921048992776
2150,2525717419209744
2155,2925805043658891
2160,3499959357581835
2165,4102929349817387
2170,5422892329014948
2175,5117336547784394
2180,5763645127825206
2185,6725224574741823
2190,8803106030832195
2195,13579832988750568
2200,13068292200020072
2205,15878054488714382
2210,25656977671263604
2215,31455906889594480
2220,32588391402156296
2225,37980176395063310
2230,45204963121446090
2235,53831586463094970
2240,58208725306343730
2245,61106258471534310
2250,66384262460473664
2255,93841993779905310
2260,1.1917091515384581e+017
2265,136228157425620770
2270,176794231866395230
2275,221288630330288770
2280,241038880132454660
2285,336218057818577200
2290,393989108244226050
2295,460233355612792900
2300,4.8538019480846803e+017
