year,gdp_usd
2010,16693671681957.22
2015,18459285695743.11
2020,18289111613648.98
2025,23017231040522.832
2030,28709611674097.234
2035,35996426234853.07
2040,31863771541533.937
2045,31789505290193.254
2050,40152467816445.914
2055,49010403423538.95
2060,42309263942519.87
2065,41557819019258.75
2070,36889687477437.88
2075,37724779818744
2080,34229431641916.566
2085,22429956599353.91
2090,17359552413948.346
2095,11194780843289.203
2100,10188101379084.014
2105,6899192246779.812
2110,6927918687134.295
2115,7004398810049.818
2120,6486642293708.555
2125,6044628025522.675
2130,5438473824175.193
2135,5309366012008.538
2140,4884482032891.386
2145,4497960900481.625
2150,4141300580671.5293
2155,3791950397760.5503
2160,3454250346628.494
2165,3145443530096.2847
2170,2866376656216.915
2175,2589586569508.7163
2180,2335177777036.3525
2185,2117117311698.2808
2190,1913221722939.0298
2195,1734033425087.9104
2200,1581447857379.4011
2205,1438087094173.687
2210,1328900531280.1577
2215,1217652342517.5654
2220,1113050117795.8413
2225,1014930330036.3475
2230,920920431782.2009
2235,840434300591.6823
2240,766457417038.0887
2245,702522637403.5018
2250,642019063581.2865
2255,586908816866.5161
2260,532519367825.4419
2265,489265318247.70264
2270,453558949458.9635
2275,418308295395.43506
2280,379378858047.27203
2285,343705736245.1108
2290,310745954488.3106
2295,284283063608.20135
2300,258312516999.32935
