year,gdp_usd
2010,16693671681957.22
2015,18459285695743.11
2020,20682235436709.707
2025,21302918575309.742
2030,25841371656730.22
2035,26144444020395.887
2040,32751867817933.625
2045,48324430203437.32
2050,77949833215671.42
2055,92179003678241.67
2060,121293207706036.1
2065,203404033715375.56
2070,246582461373202.7
2075,257332436550682.47
2080,300913980869335.44
2085,344363840860957.1
2090,454204691026248.94
2095,484290288866873.3
2100,574865751992061.1
2105,705986159408070.1
2110,792900674579860.9
2115,1266338548748092
2120,1458798524983322.5
2125,2202239841732703.2
2130,2766408592980527
2135,3224602793932209.5
2140,3124514880661192
2145,4404503676491087
2150,5879999631049893
2155,7583371186269407
2160,10277883297118584
2165,13388141414355518
2170,17804230728853398
2175,21526144949974596
2180,23194684523072088
2185,28475601608054988
2190,40548517613232120
2195,54959183954272370
2200,65362676586740936
2205,68394483688713590
2210,100109889781825020
2215,112150229639593380
2220,148076604502553470
2225,150529144180515500
2230,1.6952044027328118e+017
2235,155245404618033920
2240,186353750179632260
2245,1.9561242656191242e+017
2250,293183911609634300
2255,291288043824758850
2260,33499036997128e4
2265,319569983904703300
2270,355657298974360200
2275,446997976805553e3
2280,407582206742323800
2285,305085575272619200
2290,283030529595114980
2295,352438259803635650
2300,378648532862066200
