year,gdp_usd
2010,16693671681957.22
2015,18459285695743.11
2020,20682235436709.707
2025,21202283237952.96
2030,25650142491821.305
2035,25872251759805.016
2040,32622063789392.965
2045,47559764595973.305
2050,74999647833094.66
2055,88378366572776.28
2060,114378747666720.28
2065,191956930402506.8
2070,227877266035012.03
2075,235957487154292.03
2080,268810530272505.16
2085,299711227829218.25
2090,390943941237632.1
2095,406467350189044.3
2100,479252476337458.75
2105,601236318772654.4
2110,670457069854882.25
2115,1057067974249015.4
2120,1194794218029127.5
2125,1748085585953909.7
2130,2163842717863688
2135,2452148687694663.5
2140,2292970153245047
2145,3114179183356046.5
2150,3994677083284832.5
2155,5054126949230155
2160,6736070252417379
2165,8665984906329769
2170,11198687720321878
2175,13199702871168460
2180,13787183608002780
2185,16210005287950460
2190,22327667650553368
2195,29354366474343792
2200,33903470857567180
2205,34543935523551064
2210,49821786551282790
2215,54746427424617904
2220,70339577226704240
2225,70955949019994096
2230,80678606011076100
2235,74680695774980380
2240,88899933899244510
2245,91216326637028400
2250,137134877133859250
2255,137045121275532540
2260,1.5998190655942358e+017
2265,155395203461304600
2270,178166202230539740
2275,2.3018637632985242e+017
2280,218181360184262400
2285,170560498380170400
2290,164017860908051040
2295,216544643624987700
2300,246177240176503460
