gas,emissions.year,discount.rate,mean,median,std. err.,min,0.5%,1%,2.5%,5%,10%,25%,75%,90%,95%,97.5%,99%,99.5%,max,adaptation
ch4,2020,1.5% Ramsey,617.709507820115,572.6238901801042,513.5396037732916,191.92824442342413,269.55471695557605,289.8867395214342,319.2180935503833,348.6659224076343,391.02546734564265,463.44609528550967,710.237944455916,873.6941828610645,997.2562612265124,1150.6542604611152,1355.85337785379,1538.1003214931438,45320.48805532297,default
ch4,2020,2.0% CDR,929.6206447785701,436.9273566764188,8681.71034853325,112.21682515391055,191.0466947214899,205.4117215157755,229.46663254948382,253.45512610115293,284.1499689953602,345.8368187004479,570.0314783188916,793.5830472062629,1101.6465071913344,1815.5429624757658,6076.635992335769,14343.75077481998,507345.9463223286,default
ch4,2020,2.0% Ramsey,506.4455310984144,467.0670607821527,341.6953632064438,147.45687773994814,218.17634250693018,235.14349574553592,257.10187802742377,285.31948157436386,316.43162952411956,378.3828569993851,583.1321111058043,718.1930930842502,828.9904736522678,948.7249971927738,1165.0867320772093,1343.0262782439809,27121.894022380533,default
ch4,2020,2.5% Ramsey,430.2317017386539,398.15123843158244,238.95609596483268,116.65150832405999,184.69186522762953,198.3451963509095,220.4387199926498,243.32676602586326,268.9893348699087,322.54049780421724,495.8712744623042,611.524817096769,706.8359134052654,803.5475632273146,995.8964707364402,1143.5534042552242,15956.360242114251,default
ch4,2020,3.0% CDR,415.88080335963133,347.8403033219413,767.2063776414366,93.40757642648063,156.40631362231449,168.86902758419643,187.58843423539716,208.17228363051214,231.53738163456683,280.1915528949827,439.5600685580015,561.2261635971774,671.5328858547485,822.022126278666,1195.7231198563302,2346.9794337147055,42510.69220098296,default
ch4,2020,3.0% Ramsey,375.7945578243113,350.06350920174697,179.22549629758512,99.21950599234768,162.38698660023968,173.80603912097013,193.83778308184662,212.81903379292345,235.6851394282464,283.00545600568853,433.82629711123343,533.3043545605631,612.6358379209057,705.7726141262294,862.1777363102369,982.5780699280102,9324.670085203388,default
